scenario_id,type,reason
1,Good Response,"The agent provides information about connecting with Bruno for relaxation and stress relief, but it does not give a brief introduction to the overall features of the app or suggest exploring more functionalities. Thus, while it helps, it does not fully meet the expected agent behavior."
2,Good Response,"The agent provided a supportive and encouraging response about meeting Bruno, but it didn't specifically address how the meditation content generated by the app can help the user personally. Instead, it shifted the focus to meeting a character without detailing relevant features of the app."
3,Perfectly Match,"The agent proactively asked about the user's current state and offered guidance to explore the features of the app, aligning well with the expected agent behaviors."
4,Perfectly Match,"The agent consistently responds warmly to the user's greetings, asks about their recent activities, and engages the user in conversation, aligning with the expected behavior of creating a friendly and open dialogue."
5,Perfectly Match,"The agent provides emotional support by introducing Bruno, who specializes in relaxation techniques, aligning with the expected behavior."
6,Perfectly Match,"The agent provides a clear path for the user to seek help from Bizy, who specializes in overcoming procrastination and improving efficiency, aligning perfectly with the expected behavior."
7,Perfectly Match,"The agent provided encouraging words and suggested simple motivational techniques, such as group study and interactive tools, which aligns with the expected agent behavior of offering support and motivation."
8,Perfectly Match,"The agent introduces Bruno, who specializes in relaxation techniques, directly addressing the user's request for relaxation and focus tips."
9,Perfectly Match,"The agent successfully guides the user to Bizy for time management strategies, which is an expected behavior."
10,Perfectly Match,The agent provides encouraging words and specific study techniques to help the student maintain a positive mindset and effectively study difficult material.
11,Good Response,"The agent acknowledges the user's challenges and refers them to Bizy for help with communication and teamwork, which is a positive step, but does not directly provide tips for improving teamwork or suggest more frequent communication, which were part of the expected behaviors."
12,Perfectly Match,"The agent successfully guides the user to Bizy for time management skills, which matches the expected agent behavior."
13,Perfectly Match,"The agent responded by guiding the user to Bizy, who specializes in time management, which matches the expected behavior."
14,Good Response,"The agent provided helpful suggestions for improving the user's study environment, which aligns with the expected behavior to some extent. However, the agent did not guide the user to Bruno for relaxation techniques, so it doesn't fully match the expectations."
15,Bad Response,The agent did not provide emotional support or any specific suggestions related to Bruno's help or how to enhance creativity beyond asking questions about the user's interests.
16,Bad Response,"While the agent offers to introduce the user to Bruno for relaxation techniques, it does not provide tips for resolving interpersonal problems, nor does it address the user's specific request for help with their friendship issues and related anxiety."
17,Perfectly Match,"The agent introduces Bizy, who is specifically good at solving procrastination and helping with time management, which directly aligns with the expected behaviors."
18,Good Response,"The agent acknowledges the user's challenges and offers to connect them with Bizy, who specializes in time management and effective study strategies. However, it does not directly suggest specific study methods or techniques itself, which is part of the expected agent behavior."
19,Perfectly Match,"The agent provided emotional support by acknowledging the user's feelings and then guided them to Bruno for mindfulness meditation, aligning perfectly with the expected behaviors."
20,Good Response,"The agent suggests meeting Bruno, who specializes in relaxation, which is helpful; however, it does not directly provide emotional support as expected in the scenario."
21,Perfectly Match,"The agent introduced Bruno, who specializes in stress relief, matching the expected behavior of providing a solution for the user's stress and sleep issues."
22,Good Response,"The agent provides a suggestion to meet Bizy for time management, which is helpful but doesn't fully meet the criteria of providing encouragement or reassessing study methods in a more supportive manner."
23,Bad Response,"The agent's response does not align with the expected behavior of guiding the user to Bruno for emotional calming. While it offers some communication advice, it lacks emotional support and practical guidance from the recommended source."
