person_say,animal_action,animal_say,animal_token,accuracy,practicality
"I’m about to give an important presentation, but I’m really nervous. Do you have any tips for relaxation and focus?",guide_to_bizy,"1. **Deep Breathing**: Take slow, deep breaths before you begin. Inhale for a count of four, hold for four, and exhale for six. This helps calm your nerves and increases oxygen flow.",206,9,9
That sounds helpful! I can definitely try deep breathing to calm my nerves before the presentation. Thank you for the suggestion!,explore,"You're welcome! Along with deep breathing, consider incorporating the following tips:

2. **Visualization**: Picture yourself succeeding in your presentation. Imagine the audience responding positively.

3. **Practice**: Rehearse your presentation multiple times to build confidence. Familiarity with your material will ease anxiety.

4. **Positive Affirmations**: Repeat affirmations such as 'I am prepared and capable' to boost your self-esteem.

5. **Stretch or Move**: Engage in light stretching or a quick walk to release tension and increase your energy.

6. **Focus on the Message**: Shift your attention from worrying about how you’ll perform to the message you want to share.  

7. **Stay Hydrated**: Drink water to stay hydrated, as dehydration can increase feelings of anxiety.",419,10,10
These tips are fantastic! I’ll try visualization and positive affirmations to boost my confidence. Practicing my presentation and focusing on my message sounds like a great plan too. Thank you so much for these suggestions!,introduce_brizo,"You're very welcome! I'm glad you found the tips helpful. Remember, it's completely normal to feel nervous before a presentation. Here are a few more suggestions:

8. **Know Your Audience**: Understand who you’re presenting to and tailor your content to their interests, which can create a more engaging experience.

9. **Arrive Early**: Get to the presentation venue early, so you can familiarize yourself with the space and set up any needed equipment.

10. **Connect with the Audience**: Start with a smile or a light joke to create a relaxed atmosphere. Engaging with the audience can make them more receptive.

If you need any more tips or practice strategies, feel free to ask. Good luck with your presentation! You've got this!",638,10,10
Thank you for the additional suggestions! Knowing my audience and arriving early are great ideas. I’ll definitely try to connect with the audience as well. I really appreciate your support and encouragement!,guide_to_bruno,"You're very welcome! I'm here to support you. Remember, presentations are a two-way communication, and connecting with your audience can make a big difference. One more tip:

11. **Use Visual Aids**: Incorporating slides, images, or props can help maintain interest and reinforce your message. 

12. **End Strong**: Conclude with a strong closing statement or call to action to leave a lasting impression.

Feel free to reach out if you think of any questions or need more assistance as you prepare. Best of luck!",808,10,10
Thank you so much for the last tips! I’ll definitely consider using visual aids and making sure to end strong. I feel more prepared and confident now. I appreciate all your help!,introduce_bizy,"You're very welcome! It's wonderful to hear that you're feeling more prepared and confident. Just remember, the key is to stay calm and focus on delivering your message. Here’s a final reminder:

13. **Accept Imperfection**: It's okay if everything doesn't go perfectly. Most audience members won't notice small slip-ups, so keep going confidently.

14. **Reflect After the Presentation**: After you finish, take a moment to reflect on what went well and how you felt. This can help you improve for future presentations.

Good luck, and enjoy the experience! You’re going to do great!",989,10,10
Thank you for the encouraging reminder! Accepting imperfection and reflecting afterward sounds very helpful. I'll keep it in mind. I appreciate all your support and guidance throughout this preparation!,explore,"You're very welcome! I'm glad I could help you prepare. Remember, each presentation is a valuable experience that contributes to your growth. Here’s one last idea:

15. **Mindset Shift**: Try to view the presentation as a conversation rather than a performance. This can alleviate pressure and make the experience more enjoyable for you and your audience.

Don't hesitate to reach out if you ever need more assistance in the future. Go out there and shine!",1135,10,10
That’s a wonderful perspective! Viewing it as a conversation will definitely help reduce pressure. Thank you so much for all the tips and encouragement. I feel ready to go out there and do my best!,introduce_bizy,"You're absolutely welcome! I'm thrilled to hear that you're feeling ready and empowered. Just remember to enjoy the moment and be yourself. Each opportunity to present is a chance to grow and connect.

Here’s wishing you all the best with your presentation—you're going to do fantastic! If you ever need more advice in the future, feel free to ask. Good luck!",1268,10,10
Thank you so much! I really appreciate your help and support. I will remember your advice and do my best. Goodbye!,explore,"You're very welcome! I'm glad I could assist you. Best of luck with your presentation, and remember to enjoy the experience. Goodbye, and take care!",1341,10,10
